{
    "python": 0.4054651081081644,
    "crawler": 0.4054651081081644,
    "is": 0.4054651081081644,
    "powerful": 1.0986122886681098,
    "and": 0.4054651081081644,
    "useful": 1.0986122886681098,
    "for": 0.4054651081081644,
    "search": 0.4054651081081644,
    "engines": 0.4054651081081644,
    "system": 1.0986122886681098,
    "based": 1.0986122886681098,
    "engine": 1.0986122886681098,
    "widely": 1.0986122886681098,
    "used": 1.0986122886681098,
    "building": 1.0986122886681098,
    "web": 1.0986122886681098,
    "crawlers": 1.0986122886681098,
    "a": 1.0986122886681098,
    "collects": 1.0986122886681098,
    "pages": 1.0986122886681098,
    "from": 1.0986122886681098,
    "the": 1.0986122886681098,
    "internet": 1.0986122886681098,
    "an": 1.0986122886681098,
    "indexer": 1.0986122886681098,
    "processes": 1.0986122886681098,
    "documents": 1.0986122886681098,
    "builds": 1.0986122886681098,
    "inverted": 1.0986122886681098,
    "index": 1.0986122886681098,
    "use": 1.0986122886681098,
    "term": 1.0986122886681098,
    "frequency": 1.0986122886681098,
    "inverse": 1.0986122886681098,
    "document": 1.0986122886681098,
    "to": 1.0986122886681098,
    "rank": 1.0986122886681098,
    "efficiently": 1.0986122886681098,
    "makes": 1.0986122886681098,
    "it": 1.0986122886681098,
    "easy": 1.0986122886681098,
    "implement": 1.0986122886681098,
    "indexing": 1.0986122886681098,
    "systems": 1.0986122886681098
}